,loss,categorical_accuracy,precision,recall
0,12.817464828491211,0.07580982893705368,0.0,0.0
